id,manufacturer,model,product_ids
1465,Axiohm,7156,"19000DT,19001BDT,19003DT,19015DT,19029DT,19033DT,19034DT,19041PDT,19042CDT,19045GDT,19201DT,220010POS"
1466,Axiohm,7193,"19000DT,19001BDT,19003DT,19015DT,19029DT,19033DT,19034DT,19041PDT,19042CDT,19045GDT,19201DT,220010POS"
1467,Axiohm,7196,"19000DT,19001BDT,19003DT,19015DT,19029DT,19033DT,19034DT,19041PDT,19042CDT,19045GDT,19201DT,220010POS"
1468,Axiohm,A715,"19000DT,19001BDT,19003DT,19015DT,19029DT,19033DT,19034DT,19041PDT,19042CDT,19045GDT,19201DT,220010POS"
1469,Axiohm,A716,"19000DT,19001BDT,19003DT,19015DT,19029DT,19033DT,19034DT,19041PDT,19042CDT,19045GDT,19201DT,220010POS"
1470,Axiohm,A756,"19000DT,19001BDT,19003DT,19015DT,19029DT,19033DT,19034DT,19041PDT,19042CDT,19045GDT,19201DT,220010POS"
1471,Axiohm,A758,"19000DT,19001BDT,19003DT,19015DT,19029DT,19033DT,19034DT,19041PDT,19042CDT,19045GDT,19201DT,220010POS"
1472,Axiohm,A760,"19000DT,19001BDT,19003DT,19015DT,19029DT,19033DT,19034DT,19041PDT,19042CDT,19045GDT,19201DT,220010POS"
1473,Axiohm,A793,"19000DT,19001BDT,19003DT,19015DT,19029DT,19033DT,19034DT,19041PDT,19042CDT,19045GDT,19201DT,220010POS"
1474,Axiohm,A794,"19000DT,19001BDT,19003DT,19015DT,19029DT,19033DT,19034DT,19041PDT,19042CDT,19045GDT,19201DT,220010POS"
1475,Axiohm,A795,"19000DT,19001BDT,19003DT,19015DT,19029DT,19033DT,19034DT,19041PDT,19042CDT,19045GDT,19201DT,220010POS"
1476,AZT,381PD,"19000DT,19001BDT,19003DT,19015DT,19029DT,19033DT,19034DT,19041PDT,19042CDT,19045GDT,19201DT,220010POS"
1477,AZT,804R Thermal Printers,"19000DT,19001BDT,19003DT,19015DT,19029DT,19033DT,19034DT,19041PDT,19042CDT,19045GDT,19201DT,220010POS"
1478,Beiyang,BTP-2002-NP,"19000DT,19001BDT,19003DT,19015DT,19029DT,19033DT,19034DT,19041PDT,19042CDT,19045GDT,19201DT,220010POS"
1479,Citizen,CBM1000,"19000DT,19001BDT,19003DT,19015DT,19029DT,19033DT,19034DT,19041PDT,19042CDT,19045GDT,19201DT,220010POS"
1480,Citizen,CBM230,"19000DT,19001BDT,19003DT,19015DT,19029DT,19033DT,19034DT,19041PDT,19042CDT,19045GDT,19201DT,220010POS"
1481,Citizen,CBM231,"19000DT,19001BDT,19003DT,19015DT,19029DT,19033DT,19034DT,19041PDT,19042CDT,19045GDT,19201DT,220010POS"
1482,Citizen,CBM293,"19000DT,19001BDT,19003DT,19015DT,19029DT,19033DT,19034DT,19041PDT,19042CDT,19045GDT,19201DT,220010POS"
1483,Citizen,CTS300,"19000DT,19001BDT,19003DT,19015DT,19029DT,19033DT,19034DT,19041PDT,19042CDT,19045GDT,19201DT,220010POS"
1484,Citizen,CTS310,"19000DT,19001BDT,19003DT,19015DT,19029DT,19033DT,19034DT,19041PDT,19042CDT,19045GDT,19201DT,220010POS"
1485,Citizen,IDP-3210,"19000DT,19001BDT,19003DT,19015DT,19029DT,19033DT,19034DT,19041PDT,19042CDT,19045GDT,19201DT,220010POS"
1486,Citizen,IDP-3310,"19000DT,19001BDT,19003DT,19015DT,19029DT,19033DT,19034DT,19041PDT,19042CDT,19045GDT,19201DT,220010POS"
1487,Citizen,LT380,"19000DT,19001BDT,19003DT,19015DT,19029DT,19033DT,19034DT,19041PDT,19042CDT,19045GDT,19201DT,220010POS"
1488,Clover,Station,"19000DT,19001BDT,19003DT,19015DT,19029DT,19033DT,19034DT,19041PDT,19042CDT,19045GDT,19201DT,220010POS"
1489,Cognitive TPG,A756,"19000DT,19001BDT,19003DT,19015DT,19029DT,19033DT,19034DT,19041PDT,19042CDT,19045GDT,19201DT,220010POS"
1490,Cognitive TPG,A758,"19000DT,19001BDT,19003DT,19015DT,19029DT,19033DT,19034DT,19041PDT,19042CDT,19045GDT,19201DT,220010POS"
1491,Cognitive TPG,A760,"19000DT,19001BDT,19003DT,19015DT,19029DT,19033DT,19034DT,19041PDT,19042CDT,19045GDT,19201DT,220010POS"
1492,Cognitive TPG,A776,"19000DT,19001BDT,19003DT,19015DT,19029DT,19033DT,19034DT,19041PDT,19042CDT,19045GDT,19201DT,220010POS"
1493,Cognitive TPG,A793,"19000DT,19001BDT,19003DT,19015DT,19029DT,19033DT,19034DT,19041PDT,19042CDT,19045GDT,19201DT,220010POS"
1494,Cognitive TPG,A794,"19000DT,19001BDT,19003DT,19015DT,19029DT,19033DT,19034DT,19041PDT,19042CDT,19045GDT,19201DT,220010POS"
1495,Cognitive TPG,A795,"19000DT,19001BDT,19003DT,19015DT,19029DT,19033DT,19034DT,19041PDT,19042CDT,19045GDT,19201DT,220010POS"
1496,Cognitive TPG,A798,"19000DT,19001BDT,19003DT,19015DT,19029DT,19033DT,19034DT,19041PDT,19042CDT,19045GDT,19201DT,220010POS"
1497,Cognitive TPG,A799,"19000DT,19001BDT,19003DT,19015DT,19029DT,19033DT,19034DT,19041PDT,19042CDT,19045GDT,19201DT,220010POS"
1498,Cognitive TPG,B780,"19000DT,19001BDT,19003DT,19015DT,19029DT,19033DT,19034DT,19041PDT,19042CDT,19045GDT,19201DT,220010POS"
1499,DH Print,1500,"19000DT,19001BDT,19003DT,19015DT,19029DT,19033DT,19034DT,19041PDT,19042CDT,19045GDT,19201DT,220010POS"
1500,Digital,Check TS240/TTP,"19000DT,19001BDT,19003DT,19015DT,19029DT,19033DT,19034DT,19041PDT,19042CDT,19045GDT,19201DT,220010POS"
1501,Epson,M129B,"19000DT,19001BDT,19003DT,19015DT,19029DT,19033DT,19034DT,19041PDT,19042CDT,19045GDT,19201DT,220010POS"
1502,Epson,M129C,"19000DT,19001BDT,19003DT,19015DT,19029DT,19033DT,19034DT,19041PDT,19042CDT,19045GDT,19201DT,220010POS"
1503,Epson,T90 Series,"19000DT,19001BDT,19003DT,19015DT,19029DT,19033DT,19034DT,19041PDT,19042CDT,19045GDT,19201DT,220010POS"
1504,Epson,TM-H5000,"19000DT,19001BDT,19003DT,19015DT,19029DT,19033DT,19034DT,19041PDT,19042CDT,19045GDT,19201DT,220010POS"
1505,Epson,TM-H5000 II,"19000DT,19001BDT,19003DT,19015DT,19029DT,19033DT,19034DT,19041PDT,19042CDT,19045GDT,19201DT,220010POS"
1506,Epson,TM-H6000,"19000DT,19001BDT,19003DT,19015DT,19029DT,19033DT,19034DT,19041PDT,19042CDT,19045GDT,19201DT,220010POS"
1507,Epson,TM-H6000IV,"19000DT,19001BDT,19003DT,19015DT,19029DT,19033DT,19034DT,19041PDT,19042CDT,19045GDT,19201DT,220010POS"
1508,Epson,TM-T70,"19000DT,19001BDT,19003DT,19015DT,19029DT,19033DT,19034DT,19041PDT,19042CDT,19045GDT,19201DT,220010POS"
1509,Epson,TM-T70II,"19000DT,19001BDT,19003DT,19015DT,19029DT,19033DT,19034DT,19041PDT,19042CDT,19045GDT,19201DT,220010POS"
1510,Epson,TM-T80,"19000DT,19001BDT,19003DT,19015DT,19029DT,19033DT,19034DT,19041PDT,19042CDT,19045GDT,19201DT,220010POS"
1511,Epson,TM-T85,"19000DT,19001BDT,19003DT,19015DT,19029DT,19033DT,19034DT,19041PDT,19042CDT,19045GDT,19201DT,220010POS"
1512,Epson,TM-T88,"19000DT,19001BDT,19003DT,19015DT,19029DT,19033DT,19034DT,19041PDT,19042CDT,19045GDT,19201DT,220010POS"
1513,Epson,TM-T88II,"19000DT,19001BDT,19003DT,19015DT,19029DT,19033DT,19034DT,19041PDT,19042CDT,19045GDT,19201DT,220010POS"
1514,Epson,TM-T88III,"19000DT,19001BDT,19003DT,19015DT,19029DT,19033DT,19034DT,19041PDT,19042CDT,19045GDT,19201DT,220010POS"
1515,Epson,TM-T88IV,"19000DT,19001BDT,19003DT,19015DT,19029DT,19033DT,19034DT,19041PDT,19042CDT,19045GDT,19201DT,220010POS"
1516,Epson,TM-T88V,"19000DT,19001BDT,19003DT,19015DT,19029DT,19033DT,19034DT,19041PDT,19042CDT,19045GDT,19201DT,220010POS"
1517,Epson,TM-T88VI,"19000DT,19001BDT,19003DT,19015DT,19029DT,19033DT,19034DT,19041PDT,19042CDT,19045GDT,19201DT,220010POS"
1518,Epson,TM-T88VI-i,"19000DT,19001BDT,19003DT,19015DT,19029DT,19033DT,19034DT,19041PDT,19042CDT,19045GDT,19201DT,220010POS"
1519,Fujitsu,Team POS DT50,"19000DT,19001BDT,19003DT,19015DT,19029DT,19033DT,19034DT,19041PDT,19042CDT,19045GDT,19201DT,220010POS"
1520,Hypercom,T77-T,"19000DT,19001BDT,19003DT,19015DT,19029DT,19033DT,19034DT,19041PDT,19042CDT,19045GDT,19201DT,220010POS"
1521,IBM,4610T1 Suremark,"19000DT,19001BDT,19003DT,19015DT,19029DT,19033DT,19034DT,19041PDT,19042CDT,19045GDT,19201DT,220010POS"
1522,IBM,4610T12 Suremark,"19000DT,19001BDT,19003DT,19015DT,19029DT,19033DT,19034DT,19041PDT,19042CDT,19045GDT,19201DT,220010POS"
1523,IBM,4610T13 Suremark,"19000DT,19001BDT,19003DT,19015DT,19029DT,19033DT,19034DT,19041PDT,19042CDT,19045GDT,19201DT,220010POS"
1524,IBM,4610T14 Suremark,"19000DT,19001BDT,19003DT,19015DT,19029DT,19033DT,19034DT,19041PDT,19042CDT,19045GDT,19201DT,220010POS"
1525,IBM,Suremark TM6,"19000DT,19001BDT,19003DT,19015DT,19029DT,19033DT,19034DT,19041PDT,19042CDT,19045GDT,19201DT,220010POS"
1526,IBM,TF6,"19000DT,19001BDT,19003DT,19015DT,19029DT,19033DT,19034DT,19041PDT,19042CDT,19045GDT,19201DT,220010POS"
1527,IBM,TF7,"19000DT,19001BDT,19003DT,19015DT,19029DT,19033DT,19034DT,19041PDT,19042CDT,19045GDT,19201DT,220010POS"
1528,IBM,TM7,"19000DT,19001BDT,19003DT,19015DT,19029DT,19033DT,19034DT,19041PDT,19042CDT,19045GDT,19201DT,220010POS"
1529,IPC,TM-T80AS,"19000DT,19001BDT,19003DT,19015DT,19029DT,19033DT,19034DT,19041PDT,19042CDT,19045GDT,19201DT,220010POS"
1530,Ithaca,181 Series,"19000DT,19001BDT,19003DT,19015DT,19029DT,19033DT,19034DT,19041PDT,19042CDT,19045GDT,19201DT,220010POS"
1531,Ithaca,80 Plus Series,"19000DT,19001BDT,19003DT,19015DT,19029DT,19033DT,19034DT,19041PDT,19042CDT,19045GDT,19201DT,220010POS"
1532,Ithaca,PcOS 80 Series,"19000DT,19001BDT,19003DT,19015DT,19029DT,19033DT,19034DT,19041PDT,19042CDT,19045GDT,19201DT,220010POS"
1533,Ithaca,Series 280 iTherm,"19000DT,19001BDT,19003DT,19015DT,19029DT,19033DT,19034DT,19041PDT,19042CDT,19045GDT,19201DT,220010POS"
1534,MICROS,8700 Thermal,"19000DT,19001BDT,19003DT,19015DT,19029DT,19033DT,19034DT,19041PDT,19042CDT,19045GDT,19201DT,220010POS"
1535,MICROS,TM-T88,"19000DT,19001BDT,19003DT,19015DT,19029DT,19033DT,19034DT,19041PDT,19042CDT,19045GDT,19201DT,220010POS"
1536,NCR,7156,"19000DT,19001BDT,19003DT,19015DT,19029DT,19033DT,19034DT,19041PDT,19042CDT,19045GDT,19201DT,220010POS"
1537,NCR,7158,"19000DT,19001BDT,19003DT,19015DT,19029DT,19033DT,19034DT,19041PDT,19042CDT,19045GDT,19201DT,220010POS"
1538,NCR,7167,"19000DT,19001BDT,19003DT,19015DT,19029DT,19033DT,19034DT,19041PDT,19042CDT,19045GDT,19201DT,220010POS"
1539,NCR,7193,"19000DT,19001BDT,19003DT,19015DT,19029DT,19033DT,19034DT,19041PDT,19042CDT,19045GDT,19201DT,220010POS"
1540,NCR,7194,"19000DT,19001BDT,19003DT,19015DT,19029DT,19033DT,19034DT,19041PDT,19042CDT,19045GDT,19201DT,220010POS"
1541,NCR,7197,"19000DT,19001BDT,19003DT,19015DT,19029DT,19033DT,19034DT,19041PDT,19042CDT,19045GDT,19201DT,220010POS"
1542,NCR,7450,"19000DT,19001BDT,19003DT,19015DT,19029DT,19033DT,19034DT,19041PDT,19042CDT,19045GDT,19201DT,220010POS"
1543,NCR,7452,"19000DT,19001BDT,19003DT,19015DT,19029DT,19033DT,19034DT,19041PDT,19042CDT,19045GDT,19201DT,220010POS"
1544,NCR,7445-2000,"19000DT,19001BDT,19003DT,19015DT,19029DT,19033DT,19034DT,19041PDT,19042CDT,19045GDT,19201DT,220010POS"
1545,Panasonic,5000,"19000DT,19001BDT,19003DT,19015DT,19029DT,19033DT,19034DT,19041PDT,19042CDT,19045GDT,19201DT,220010POS"
1546,Partner Tech,PT-6215,"19000DT,19001BDT,19003DT,19015DT,19029DT,19033DT,19034DT,19041PDT,19042CDT,19045GDT,19201DT,220010POS"
1547,Partner Tech,RP-320,"19000DT,19001BDT,19003DT,19015DT,19029DT,19033DT,19034DT,19041PDT,19042CDT,19045GDT,19201DT,220010POS"
1548,Partner Tech,RP-500,"19000DT,19001BDT,19003DT,19015DT,19029DT,19033DT,19034DT,19041PDT,19042CDT,19045GDT,19201DT,220010POS"
1549,PosiFlex,Aura PP7000 thermal printers,"19000DT,19001BDT,19003DT,19015DT,19029DT,19033DT,19034DT,19041PDT,19042CDT,19045GDT,19201DT,220010POS"
1550,POS-X,EVO Green thermal printer,"19000DT,19001BDT,19003DT,19015DT,19029DT,19033DT,19034DT,19041PDT,19042CDT,19045GDT,19201DT,220010POS"
1551,POS-X,EVO HiSpeed thermal printer,"19000DT,19001BDT,19003DT,19015DT,19029DT,19033DT,19034DT,19041PDT,19042CDT,19045GDT,19201DT,220010POS"
1552,POS-X,EVO Thermal printer,"19000DT,19001BDT,19003DT,19015DT,19029DT,19033DT,19034DT,19041PDT,19042CDT,19045GDT,19201DT,220010POS"
1553,POS-X,ION Thermal printer,"19000DT,19001BDT,19003DT,19015DT,19029DT,19033DT,19034DT,19041PDT,19042CDT,19045GDT,19201DT,220010POS"
1554,POS-X,XR500,"19000DT,19001BDT,19003DT,19015DT,19029DT,19033DT,19034DT,19041PDT,19042CDT,19045GDT,19201DT,220010POS"
1555,POS-X,XR510,"19000DT,19001BDT,19003DT,19015DT,19029DT,19033DT,19034DT,19041PDT,19042CDT,19045GDT,19201DT,220010POS"
1556,POS-X,XR520,"19000DT,19001BDT,19003DT,19015DT,19029DT,19033DT,19034DT,19041PDT,19042CDT,19045GDT,19201DT,220010POS"
1557,QPay,Fametech 80P,"19000DT,19001BDT,19003DT,19015DT,19029DT,19033DT,19034DT,19041PDT,19042CDT,19045GDT,19201DT,220010POS"
1558,Radcliffe,Big Chief EFT06,"19000DT,19001BDT,19003DT,19015DT,19029DT,19033DT,19034DT,19041PDT,19042CDT,19045GDT,19201DT,220010POS"
1559,Remanco/Geac Restaurant System,Color PC Workstation,"19000DT,19001BDT,19003DT,19015DT,19029DT,19033DT,19034DT,19041PDT,19042CDT,19045GDT,19201DT,220010POS"
1560,SAM4s,Ellix 20 II,"19000DT,19001BDT,19003DT,19015DT,19029DT,19033DT,19034DT,19041PDT,19042CDT,19045GDT,19201DT,220010POS"
1561,Samsung,SRP-350,"19000DT,19001BDT,19003DT,19015DT,19029DT,19033DT,19034DT,19041PDT,19042CDT,19045GDT,19201DT,220010POS"
1562,Seiko,DPU 5300,"19000DT,19001BDT,19003DT,19015DT,19029DT,19033DT,19034DT,19041PDT,19042CDT,19045GDT,19201DT,220010POS"
1563,SNBC,BTP-2002,"19000DT,19001BDT,19003DT,19015DT,19029DT,19033DT,19034DT,19041PDT,19042CDT,19045GDT,19201DT,220010POS"
1564,SNBC,BTP-2002NP,"19000DT,19001BDT,19003DT,19015DT,19029DT,19033DT,19034DT,19041PDT,19042CDT,19045GDT,19201DT,220010POS"
1565,SNBC,BTP-R580,"19000DT,19001BDT,19003DT,19015DT,19029DT,19033DT,19034DT,19041PDT,19042CDT,19045GDT,19201DT,220010POS"
1566,SNBC,BTP-R880NP,"19000DT,19001BDT,19003DT,19015DT,19029DT,19033DT,19034DT,19041PDT,19042CDT,19045GDT,19201DT,220010POS"
1567,Spectra,1000,"19000DT,19001BDT,19003DT,19015DT,19029DT,19033DT,19034DT,19041PDT,19042CDT,19045GDT,19201DT,220010POS"
1568,Star Micronics,SCP700,"19000DT,19001BDT,19003DT,19015DT,19029DT,19033DT,19034DT,19041PDT,19042CDT,19045GDT,19201DT,220010POS"
1569,Star Micronics,TSP100,"19000DT,19001BDT,19003DT,19015DT,19029DT,19033DT,19034DT,19041PDT,19042CDT,19045GDT,19201DT,220010POS"
1570,Star Micronics,TSP2000 Series,"19000DT,19001BDT,19003DT,19015DT,19029DT,19033DT,19034DT,19041PDT,19042CDT,19045GDT,19201DT,220010POS"
1571,Star Micronics,TSP300 Series,"19000DT,19001BDT,19003DT,19015DT,19029DT,19033DT,19034DT,19041PDT,19042CDT,19045GDT,19201DT,220010POS"
1572,Star Micronics,TSP400 Series,"19000DT,19001BDT,19003DT,19015DT,19029DT,19033DT,19034DT,19041PDT,19042CDT,19045GDT,19201DT,220010POS"
1573,Star Micronics,TSP500 Series,"19000DT,19001BDT,19003DT,19015DT,19029DT,19033DT,19034DT,19041PDT,19042CDT,19045GDT,19201DT,220010POS"
1574,Star Micronics,TSP600 Series,"19000DT,19001BDT,19003DT,19015DT,19029DT,19033DT,19034DT,19041PDT,19042CDT,19045GDT,19201DT,220010POS"
1575,Star Micronics,TSP700 Series,"19000DT,19001BDT,19003DT,19015DT,19029DT,19033DT,19034DT,19041PDT,19042CDT,19045GDT,19201DT,220010POS"
1576,TEC,RKPTH 5000,"19000DT,19001BDT,19003DT,19015DT,19029DT,19033DT,19034DT,19041PDT,19042CDT,19045GDT,19201DT,220010POS"
1577,Tokheim,Spectra Model 1000,"19000DT,19001BDT,19003DT,19015DT,19029DT,19033DT,19034DT,19041PDT,19042CDT,19045GDT,19201DT,220010POS"
1578,Touch Dynamic,TP3000,"19000DT,19001BDT,19003DT,19015DT,19029DT,19033DT,19034DT,19041PDT,19042CDT,19045GDT,19201DT,220010POS"
1579,Transact,Ithaca 80 Series,"19000DT,19001BDT,19003DT,19015DT,19029DT,19033DT,19034DT,19041PDT,19042CDT,19045GDT,19201DT,220010POS"
1580,Uniwell,UX7500,"19000DT,19001BDT,19003DT,19015DT,19029DT,19033DT,19034DT,19041PDT,19042CDT,19045GDT,19201DT,220010POS"
1581,IBM,4651,"19000DT,19001BDT,19003DT,19015DT,19029DT,19033DT,19034DT,19041PDT,19042CDT,19045GDT,19201DT,220010POS,19550B,19021B,19094B,19551CB,19553GB,19554PB,19552BB"
1582,IBM,4655,"19000DT,19001BDT,19003DT,19015DT,19029DT,19033DT,19034DT,19041PDT,19042CDT,19045GDT,19201DT,220010POS,19550B,19021B,19094B,19551CB,19553GB,19554PB,19552BB"
1583,IBM,4659,"19000DT,19001BDT,19003DT,19015DT,19029DT,19033DT,19034DT,19041PDT,19042CDT,19045GDT,19201DT,220010POS,19550B,19021B,19094B,19551CB,19553GB,19554PB,19552BB"
1584,Citizen,CBM262,"19017DT,19023DT,19045CDT,19080DT,19214DT,19350DT,200082,200087,5387303"
1585,Citizen,CBM270,"19017DT,19023DT,19045CDT,19080DT,19214DT,19350DT,200082,200087,5387303"
1586,Clover,Mini,"19017DT,19023DT,19045CDT,19080DT,19214DT,19350DT,200082,200087,5387303"
1587,Clover,Mobile,"19017DT,19023DT,19045CDT,19080DT,19214DT,19350DT,200082,200087,5387303"
1588,EBW,Auto Stik 950,"19017DT,19023DT,19045CDT,19080DT,19214DT,19350DT,200082,200087,5387303"
1589,EMCO/Wheaton,Tank Monitor II,"19017DT,19023DT,19045CDT,19080DT,19214DT,19350DT,200082,200087,5387303"
1590,Hypercom,I.C.E.4000,"19017DT,19023DT,19045CDT,19080DT,19214DT,19350DT,200082,200087,5387303"
1591,Hypercom,I.C.E.4000CE,"19017DT,19023DT,19045CDT,19080DT,19214DT,19350DT,200082,200087,5387303"
1592,Hypercom,I.C.E.5000,"19017DT,19023DT,19045CDT,19080DT,19214DT,19350DT,200082,200087,5387303"
1593,Hypercom,I.C.E.5500,"19017DT,19023DT,19045CDT,19080DT,19214DT,19350DT,200082,200087,5387303"
1594,Hypercom,I.C.E.6500,"19017DT,19023DT,19045CDT,19080DT,19214DT,19350DT,200082,200087,5387303"
1595,Hypercom,T7P-T,"19017DT,19023DT,19045CDT,19080DT,19214DT,19350DT,200082,200087,5387303"
1596,LinkPack,3000,"19017DT,19023DT,19045CDT,19080DT,19214DT,19350DT,200082,200087,5387303"
1597,LinkPack,9000,"19017DT,19023DT,19045CDT,19080DT,19214DT,19350DT,200082,200087,5387303"
1598,LinkPack,9100,"19017DT,19023DT,19045CDT,19080DT,19214DT,19350DT,200082,200087,5387303"
1599,MagIC,6000,"19017DT,19023DT,19045CDT,19080DT,19214DT,19350DT,200082,200087,5387303"
1600,Nissan,Monitor,"19017DT,19023DT,19045CDT,19080DT,19214DT,19350DT,200082,200087,5387303"
1601,Nurit,504,"19017DT,19023DT,19045CDT,19080DT,19214DT,19350DT,200082,200087,5387303"
1602,Nurit,505,"19017DT,19023DT,19045CDT,19080DT,19214DT,19350DT,200082,200087,5387303"
1603,Nurit,2080,"19017DT,19023DT,19045CDT,19080DT,19214DT,19350DT,200082,200087,5387303"
1604,Nurit,2085,"19017DT,19023DT,19045CDT,19080DT,19214DT,19350DT,200082,200087,5387303"
1605,Nurit,2090,"19017DT,19023DT,19045CDT,19080DT,19214DT,19350DT,200082,200087,5387303"
1606,Nurit,3000,"19017DT,19023DT,19045CDT,19080DT,19214DT,19350DT,200082,200087,5387303"
1607,Nurit,3010,"19017DT,19023DT,19045CDT,19080DT,19214DT,19350DT,200082,200087,5387303"
1608,Nurit,3020,"19017DT,19023DT,19045CDT,19080DT,19214DT,19350DT,200082,200087,5387303"
1609,Nurit,5000,"19017DT,19023DT,19045CDT,19080DT,19214DT,19350DT,200082,200087,5387303"
1610,Nurit,8320,"19017DT,19023DT,19045CDT,19080DT,19214DT,19350DT,200082,200087,5387303"
1611,Omni,3210,"19017DT,19023DT,19045CDT,19080DT,19214DT,19350DT,200082,200087,5387303"
1612,Omni,3300,"19017DT,19023DT,19045CDT,19080DT,19214DT,19350DT,200082,200087,5387303"
1613,Omni,3730,"19017DT,19023DT,19045CDT,19080DT,19214DT,19350DT,200082,200087,5387303"
1614,Omni,3740,"19017DT,19023DT,19045CDT,19080DT,19214DT,19350DT,200082,200087,5387303"
1615,Omni,3750,"19017DT,19023DT,19045CDT,19080DT,19214DT,19350DT,200082,200087,5387303"
1616,Omni,3200 Series,"19017DT,19023DT,19045CDT,19080DT,19214DT,19350DT,200082,200087,5387303"
1617,Omniprint,J.C. 1160 Series,"19017DT,19023DT,19045CDT,19080DT,19214DT,19350DT,200082,200087,5387303"
1618,Omniprint,OM20,"19017DT,19023DT,19045CDT,19080DT,19214DT,19350DT,200082,200087,5387303"
1619,Oneil,2t,"19017DT,19023DT,19045CDT,19080DT,19214DT,19350DT,200082,200087,5387303"
1620,Oneil,2te,"19017DT,19023DT,19045CDT,19080DT,19214DT,19350DT,200082,200087,5387303"
1621,Royal Alpha,583CX,"19017DT,19023DT,19045CDT,19080DT,19214DT,19350DT,200082,200087,5387303"
1622,Royal Alpha,600SC,"19017DT,19023DT,19045CDT,19080DT,19214DT,19350DT,200082,200087,5387303"
1623,Royal Alpha,9155SC,"19017DT,19023DT,19045CDT,19080DT,19214DT,19350DT,200082,200087,5387303"
1624,Samsung,ER-5200,"19017DT,19023DT,19045CDT,19080DT,19214DT,19350DT,200082,200087,5387303"
1625,Samsung,ER-5240,"19017DT,19023DT,19045CDT,19080DT,19214DT,19350DT,200082,200087,5387303"
1626,Samsung,STP-103,"19017DT,19023DT,19045CDT,19080DT,19214DT,19350DT,200082,200087,5387303"
1627,Samsung,STP-131,"19017DT,19023DT,19045CDT,19080DT,19214DT,19350DT,200082,200087,5387303"
1628,Schlumberger,MagIC 6000,"19017DT,19023DT,19045CDT,19080DT,19214DT,19350DT,200082,200087,5387303"
1629,Schlumberger,MPT/ICC SII,"19017DT,19023DT,19045CDT,19080DT,19214DT,19350DT,200082,200087,5387303"
1630,Sharp,01PU,"19017DT,19023DT,19045CDT,19080DT,19214DT,19350DT,200082,200087,5387303"
1631,Sharp,XE-A201,"19017DT,19023DT,19045CDT,19080DT,19214DT,19350DT,200082,200087,5387303"
1632,Standard Register,S40,"19017DT,19023DT,19045CDT,19080DT,19214DT,19350DT,200082,200087,5387303"
1633,Talento,Dassault,"19017DT,19023DT,19045CDT,19080DT,19214DT,19350DT,200082,200087,5387303"
1634,Veeder Root,TLS350,"19017DT,19023DT,19045CDT,19080DT,19214DT,19350DT,200082,200087,5387303"
1635,Verifone Omni,3200,"19017DT,19023DT,19045CDT,19080DT,19214DT,19350DT,200082,200087,5387303"
1636,Verifone Omni,3210,"19017DT,19023DT,19045CDT,19080DT,19214DT,19350DT,200082,200087,5387303"
1637,Verifone Omni,3300,"19017DT,19023DT,19045CDT,19080DT,19214DT,19350DT,200082,200087,5387303"
1638,Verifone Omni,3350,"19017DT,19023DT,19045CDT,19080DT,19214DT,19350DT,200082,200087,5387303"
1639,Verifone Omni,3740,"19017DT,19023DT,19045CDT,19080DT,19214DT,19350DT,200082,200087,5387303"
1640,Verifone Omni,3750,"19017DT,19023DT,19045CDT,19080DT,19214DT,19350DT,200082,200087,5387303"
1641,Verifone Omni,Printer 350,"19017DT,19023DT,19045CDT,19080DT,19214DT,19350DT,200082,200087,5387303"
1642,Verifone Omni,Printer 355,"19017DT,19023DT,19045CDT,19080DT,19214DT,19350DT,200082,200087,5387303"
1643,Verifone Omni,Tranz 420,"19017DT,19023DT,19045CDT,19080DT,19214DT,19350DT,200082,200087,5387303"
1644,Verifone Omni,VX 510,"19017DT,19023DT,19045CDT,19080DT,19214DT,19350DT,200082,200087,5387303"
1645,Verifone Omni,VX 570,"19017DT,19023DT,19045CDT,19080DT,19214DT,19350DT,200082,200087,5387303"
1646,Verifone Omni,VX 610 Wireless,"19017DT,19023DT,19045CDT,19080DT,19214DT,19350DT,200082,200087,5387303"
1647,Verifone Omni,VX 810 Duet,"19017DT,19023DT,19045CDT,19080DT,19214DT,19350DT,200082,200087,5387303"
1648,Verifone Omni,VX 820 Duet,"19017DT,19023DT,19045CDT,19080DT,19214DT,19350DT,200082,200087,5387303"
1649,4Access,Orion,"19017DT,19023DT,19045CDT,19080DT,200082,5387303"
1650,AZT,ECR761,"19017DT,19023DT,19045CDT,19080DT,200082,5387303"
1651,AZT,ECR912,"19017DT,19023DT,19045CDT,19080DT,200082,5387303"
1652,AZT,ECR942F,"19017DT,19023DT,19045CDT,19080DT,200082,5387303"
1653,Casio,CE-T100,"19017DT,19023DT,19045CDT,19080DT,200082,5387303"
1654,Casio,PCR-T2000,"19017DT,19023DT,19045CDT,19080DT,200082,5387303"
1655,Casio,PCR-T465,"19017DT,19023DT,19045CDT,19080DT,200082,5387303"
1656,Casio,TE-2000,"19017DT,19023DT,19045CDT,19080DT,200082,5387303"
1657,Casio,TE-3000,"19017DT,19023DT,19045CDT,19080DT,200082,5387303"
1658,Casio,TE-4500,"19017DT,19023DT,19045CDT,19080DT,200082,5387303"
1659,Casio,TE-7000,"19017DT,19023DT,19045CDT,19080DT,200082,5387303"
1660,Casio,TE-8500,"19017DT,19023DT,19045CDT,19080DT,200082,5387303"
1661,Celerex,CX 1000 Remote Terminal,"19017DT,19023DT,19045CDT,19080DT,200082,5387303"
1662,Dejavoo,X-5,"19017DT,19023DT,19045CDT,19080DT,200082,5387303"
1663,Dejavoo,X-8,"19017DT,19023DT,19045CDT,19080DT,200082,5387303"
1664,Epson,Mobilink TM-P60,"19017DT,19023DT,19045CDT,19080DT,200082,5387303"
1665,Equinox Payments,M4230,"19017DT,19023DT,19045CDT,19080DT,200082,5387303"
1666,Equinox Payments,T4205,"19017DT,19023DT,19045CDT,19080DT,200082,5387303"
1667,Equinox Payments,T4210,"19017DT,19023DT,19045CDT,19080DT,200082,5387303"
1668,Equinox Payments,T4220,"19017DT,19023DT,19045CDT,19080DT,200082,5387303"
1669,Equinox Payments,T4230,"19017DT,19023DT,19045CDT,19080DT,200082,5387303"
1670,Exadigm,Desk Mate,"19017DT,19023DT,19045CDT,19080DT,200082,5387303"
1671,Exadigm,iNet Mate,"19017DT,19023DT,19045CDT,19080DT,200082,5387303"
1672,Exadigm,Mobile Mate,"19017DT,19023DT,19045CDT,19080DT,200082,5387303"
1673,Exadigm,XD1000,"19017DT,19023DT,19045CDT,19080DT,200082,5387303"
1674,Exadigm,XD2000,"19017DT,19023DT,19045CDT,19080DT,200082,5387303"
1675,Exadigm,XD2100SP,"19017DT,19023DT,19045CDT,19080DT,200082,5387303"
1676,First Data,FD100ti,"19017DT,19023DT,19045CDT,19080DT,200082,5387303"
1677,First Data,FD130,"19017DT,19023DT,19045CDT,19080DT,200082,5387303"
1678,First Data,FD50,"19017DT,19023DT,19045CDT,19080DT,200082,5387303"
1679,First Data,FD55,"19017DT,19023DT,19045CDT,19080DT,200082,5387303"
1680,Hypercom,T4205,"19017DT,19023DT,19045CDT,19080DT,200082,5387303"
1681,Hypercom,T4210,"19017DT,19023DT,19045CDT,19080DT,200082,5387303"
1682,Hypercom,T4220,"19017DT,19023DT,19045CDT,19080DT,200082,5387303"
1683,Hypercom,T4230,"19017DT,19023DT,19045CDT,19080DT,200082,5387303"
1684,Ingenico,AQUA,"19017DT,19023DT,19045CDT,19080DT,200082,5387303"
1685,Ingenico,E710,"19017DT,19023DT,19045CDT,19080DT,200082,5387303"
1686,Ingenico,E712,"19017DT,19023DT,19045CDT,19080DT,200082,5387303"
1687,Ingenico,I5100,"19017DT,19023DT,19045CDT,19080DT,200082,5387303"
1688,Ingenico,I7780,"19017DT,19023DT,19045CDT,19080DT,200082,5387303"
1689,Ingenico,Scribe 607,"19017DT,19023DT,19045CDT,19080DT,200082,5387303"
1690,LINKPOINT,LP9100-GPRS,"19017DT,19023DT,19045CDT,19080DT,200082,5387303"
1691,LINKPOINT,PrintPoint 3000,"19017DT,19023DT,19045CDT,19080DT,200082,5387303"
1692,Mitutoyo,Surftest SJ-301 Series,"19017DT,19023DT,19045CDT,19080DT,200082,5387303"
1693,Nurit,8400,"19017DT,19023DT,19045CDT,19080DT,200082,5387303"
1694,Nurit,ValuePack 700/720,"19017DT,19023DT,19045CDT,19080DT,200082,5387303"
1695,Omni,5100,"19017DT,19023DT,19045CDT,19080DT,200082,5387303"
1696,Omni,Omnipak,"19017DT,19023DT,19045CDT,19080DT,200082,5387303"
1697,Omni,Printpak 350,"19017DT,19023DT,19045CDT,19080DT,200082,5387303"
1698,Omni,Printpak 355,"19017DT,19023DT,19045CDT,19080DT,200082,5387303"
1699,Optimum,M4230,"19017DT,19023DT,19045CDT,19080DT,200082,5387303"
1700,Optimum,M4240,"19017DT,19023DT,19045CDT,19080DT,200082,5387303"
1701,Optimum,Series M2100,"19017DT,19023DT,19045CDT,19080DT,200082,5387303"
1702,Optimum,T2100,"19017DT,19023DT,19045CDT,19080DT,200082,5387303"
1703,Optimum,T4200,"19017DT,19023DT,19045CDT,19080DT,200082,5387303"
1704,Optimum,T4205,"19017DT,19023DT,19045CDT,19080DT,200082,5387303"
1705,Optimum,T4210,"19017DT,19023DT,19045CDT,19080DT,200082,5387303"
1706,Optimum,T4220,"19017DT,19023DT,19045CDT,19080DT,200082,5387303"
1707,Optimum,T4230,"19017DT,19023DT,19045CDT,19080DT,200082,5387303"
1708,PAX,S80 Terminal,"19017DT,19023DT,19045CDT,19080DT,200082,5387303"
1709,QPay,Dione Printer,"19017DT,19023DT,19045CDT,19080DT,200082,5387303"
1710,QPay,Verifone Omni,"19017DT,19023DT,19045CDT,19080DT,200082,5387303"
1711,Sam4s,ER-5215M,"19017DT,19023DT,19045CDT,19080DT,200082,5387303"
1712,Samsung,ER-265,"19017DT,19023DT,19045CDT,19080DT,200082,5387303"
1713,Samsung,ER-285M,"19017DT,19023DT,19045CDT,19080DT,200082,5387303"
1714,Samsung,ER-380,"19017DT,19023DT,19045CDT,19080DT,200082,5387303"
1715,Samsung,ER-380M,"19017DT,19023DT,19045CDT,19080DT,200082,5387303"
1716,Samsung,ER-390M,"19017DT,19023DT,19045CDT,19080DT,200082,5387303"
1717,Samsung,ER-5215,"19017DT,19023DT,19045CDT,19080DT,200082,5387303"
1718,Samsung,ER-650,"19017DT,19023DT,19045CDT,19080DT,200082,5387303"
1719,Samsung,ER-650R,"19017DT,19023DT,19045CDT,19080DT,200082,5387303"
1720,Samsung,ER-650SS,"19017DT,19023DT,19045CDT,19080DT,200082,5387303"
1721,Sharp,ER-A450T,"19017DT,19023DT,19045CDT,19080DT,200082,5387303"
1722,Sharp,UP-700,"19017DT,19023DT,19045CDT,19080DT,200082,5387303"
1723,Sharp,XE-A202,"19017DT,19023DT,19045CDT,19080DT,200082,5387303"
1724,Sharp,XE-A302,"19017DT,19023DT,19045CDT,19080DT,200082,5387303"
1725,Addmaster,IJ-2000,"19021B,19094B,19550B,19551CB,19552BB,19553GB,19554PB,62245R,EPSERC38BR"
1726,Addmaster,IJ-2040,"19021B,19094B,19550B,19551CB,19552BB,19553GB,19554PB,62245R,EPSERC38BR"
1727,Addmaster,IJ-2050-POS,"19021B,19094B,19550B,19551CB,19552BB,19553GB,19554PB,62245R,EPSERC38BR"
1728,Addmaster,IJ-3000,"19021B,19094B,19550B,19551CB,19552BB,19553GB,19554PB,62245R,EPSERC38BR"
1729,Addmaster,IJ-3080-POS,"19021B,19094B,19550B,19551CB,19552BB,19553GB,19554PB,62245R,EPSERC38BR"
1730,Addmaster,IJ-9000-POS,"19021B,19094B,19550B,19551CB,19552BB,19553GB,19554PB,62245R,EPSERC38BR"
1731,Addmaster,MicrJET-POS,"19021B,19094B,19550B,19551CB,19552BB,19553GB,19554PB,62245R,EPSERC38BR"
1732,Addmaster,MJ5000-POS,"19021B,19094B,19550B,19551CB,19552BB,19553GB,19554PB,62245R,EPSERC38BR"
1733,Axiohm,A714,"19021B,19094B,19550B,19551CB,19552BB,19553GB,19554PB,62245R,EPSERC38BR"
1734,Bixolon,SRP-270,"19021B,19094B,19550B,19551CB,19552BB,19553GB,19554PB,62245R,EPSERC38BR"
1735,Bixolon,SRP-275,"19021B,19094B,19550B,19551CB,19552BB,19553GB,19554PB,62245R,EPSERC38BR"
1736,Bixolon,SRP-500,"19021B,19094B,19550B,19551CB,19552BB,19553GB,19554PB,62245R,EPSERC38BR"
1737,Citizen,9518/200,"19021B,19094B,19550B,19551CB,19552BB,19553GB,19554PB,62245R,EPSERC38BR"
1738,Citizen,9520/50,"19021B,19094B,19550B,19551CB,19552BB,19553GB,19554PB,62245R,EPSERC38BR"
1739,Citizen,CBM-710,"19021B,19094B,19550B,19551CB,19552BB,19553GB,19554PB,62245R,EPSERC38BR"
1740,Citizen,CBM-720,"19021B,19094B,19550B,19551CB,19552BB,19553GB,19554PB,62245R,EPSERC38BR"
1741,Citizen,CBM-750,"19021B,19094B,19550B,19551CB,19552BB,19553GB,19554PB,62245R,EPSERC38BR"
1742,Citizen,ICL 9516,"19021B,19094B,19550B,19551CB,19552BB,19553GB,19554PB,62245R,EPSERC38BR"
1743,Citizen,IDP-3410,"19021B,19094B,19550B,19551CB,19552BB,19553GB,19554PB,62245R,EPSERC38BR"
1744,Citizen,IDP-3420,"19021B,19094B,19550B,19551CB,19552BB,19553GB,19554PB,62245R,EPSERC38BR"
1745,Citizen,IDP-3421,"19021B,19094B,19550B,19551CB,19552BB,19553GB,19554PB,62245R,EPSERC38BR"
1746,Citizen,IDP-3423,"19021B,19094B,19550B,19551CB,19552BB,19553GB,19554PB,62245R,EPSERC38BR"
1747,Citizen,IDP-3530-F,"19021B,19094B,19550B,19551CB,19552BB,19553GB,19554PB,62245R,EPSERC38BR"
1748,Citizen,IDP-3530-P,"19021B,19094B,19550B,19551CB,19552BB,19553GB,19554PB,62245R,EPSERC38BR"
1749,Citizen,IDP-3535,"19021B,19094B,19550B,19551CB,19552BB,19553GB,19554PB,62245R,EPSERC38BR"
1750,Citizen,IDP-3540-F,"19021B,19094B,19550B,19551CB,19552BB,19553GB,19554PB,62245R,EPSERC38BR"
1751,Citizen,IDP-3540-P,"19021B,19094B,19550B,19551CB,19552BB,19553GB,19554PB,62245R,EPSERC38BR"
1752,Citizen,IDP-3541-F,"19021B,19094B,19550B,19551CB,19552BB,19553GB,19554PB,62245R,EPSERC38BR"
1753,Citizen,IDP-3545,"19021B,19094B,19550B,19551CB,19552BB,19553GB,19554PB,62245R,EPSERC38BR"
1754,Citizen,IDP-3546,"19021B,19094B,19550B,19551CB,19552BB,19553GB,19554PB,62245R,EPSERC38BR"
1755,Citizen,IDP-3550,"19021B,19094B,19550B,19551CB,19552BB,19553GB,19554PB,62245R,EPSERC38BR"
1756,Citizen,IDP-3551,"19021B,19094B,19550B,19551CB,19552BB,19553GB,19554PB,62245R,EPSERC38BR"
1757,Citizen,IDP-460,"19021B,19094B,19550B,19551CB,19552BB,19553GB,19554PB,62245R,EPSERC38BR"
1758,Datasym,Datasym,"19021B,19094B,19550B,19551CB,19552BB,19553GB,19554PB,62245R,EPSERC38BR"
1759,DH Print,1400,"19021B,19094B,19550B,19551CB,19552BB,19553GB,19554PB,62245R,EPSERC38BR"
1760,EMCO/Wheaton,EECO 1000,"19021B,19094B,19550B,19551CB,19552BB,19553GB,19554PB,62245R,EPSERC38BR"
1761,Epson,260,"19021B,19094B,19550B,19551CB,19552BB,19553GB,19554PB,62245R,EPSERC38BR"
1762,Epson,270,"19021B,19094B,19550B,19551CB,19552BB,19553GB,19554PB,62245R,EPSERC38BR"
1763,Epson,300D,"19021B,19094B,19550B,19551CB,19552BB,19553GB,19554PB,62245R,EPSERC38BR"
1764,Epson,ERC30,"19021B,19094B,19550B,19551CB,19552BB,19553GB,19554PB,62245R,EPSERC38BR"
1765,Epson,ERC34,"19021B,19094B,19550B,19551CB,19552BB,19553GB,19554PB,62245R,EPSERC38BR"
1766,Epson,ERC38,"19021B,19094B,19550B,19551CB,19552BB,19553GB,19554PB,62245R,EPSERC38BR"
1767,Epson,ITU200D,"19021B,19094B,19550B,19551CB,19552BB,19553GB,19554PB,62245R,EPSERC38BR"
1768,Epson,J2000 Series,"19021B,19094B,19550B,19551CB,19552BB,19553GB,19554PB,62245R,EPSERC38BR"
1769,Epson,J2100 Series,"19021B,19094B,19550B,19551CB,19552BB,19553GB,19554PB,62245R,EPSERC38BR"
1770,Epson,M119,"19021B,19094B,19550B,19551CB,19552BB,19553GB,19554PB,62245R,EPSERC38BR"
1771,Epson,M119B,"19021B,19094B,19550B,19551CB,19552BB,19553GB,19554PB,62245R,EPSERC38BR"
1772,Epson,M133A,"19021B,19094B,19550B,19551CB,19552BB,19553GB,19554PB,62245R,EPSERC38BR"
1773,Epson,M17-JB,"19021B,19094B,19550B,19551CB,19552BB,19553GB,19554PB,62245R,EPSERC38BR"
1774,Epson,M188B,"19021B,19094B,19550B,19551CB,19552BB,19553GB,19554PB,62245R,EPSERC38BR"
1775,Epson,M199D,"19021B,19094B,19550B,19551CB,19552BB,19553GB,19554PB,62245R,EPSERC38BR"
1776,Epson,M265,"19021B,19094B,19550B,19551CB,19552BB,19553GB,19554PB,62245R,EPSERC38BR"
1777,Epson,M270,"19021B,19094B,19550B,19551CB,19552BB,19553GB,19554PB,62245R,EPSERC38BR"
1778,Epson,M280,"19021B,19094B,19550B,19551CB,19552BB,19553GB,19554PB,62245R,EPSERC38BR"
1779,Epson,M52-JB,"19021B,19094B,19550B,19551CB,19552BB,19553GB,19554PB,62245R,EPSERC38BR"
1780,Epson,RP265 Series,"19021B,19094B,19550B,19551CB,19552BB,19553GB,19554PB,62245R,EPSERC38BR"
1781,Epson,RP267,"19021B,19094B,19550B,19551CB,19552BB,19553GB,19554PB,62245R,EPSERC38BR"
1782,Epson,TM-051,"19021B,19094B,19550B,19551CB,19552BB,19553GB,19554PB,62245R,EPSERC38BR"
1783,Epson,TM-267 II,"19021B,19094B,19550B,19551CB,19552BB,19553GB,19554PB,62245R,EPSERC38BR"
1784,Epson,TM-270,"19021B,19094B,19550B,19551CB,19552BB,19553GB,19554PB,62245R,EPSERC38BR"
1785,Epson,TM-300,"19021B,19094B,19550B,19551CB,19552BB,19553GB,19554PB,62245R,EPSERC38BR"
1786,Epson,TM-300A,"19021B,19094B,19550B,19551CB,19552BB,19553GB,19554PB,62245R,EPSERC38BR"
1787,Epson,TM-300C,"19021B,19094B,19550B,19551CB,19552BB,19553GB,19554PB,62245R,EPSERC38BR"
1788,Epson,TM-300D,"19021B,19094B,19550B,19551CB,19552BB,19553GB,19554PB,62245R,EPSERC38BR"
1789,Epson,TM-801,"19021B,19094B,19550B,19551CB,19552BB,19553GB,19554PB,62245R,EPSERC38BR"
1790,Epson,TM-U200B,"19021B,19094B,19550B,19551CB,19552BB,19553GB,19554PB,62245R,EPSERC38BR"
1791,Epson,TM-U200D,"19021B,19094B,19550B,19551CB,19552BB,19553GB,19554PB,62245R,EPSERC38BR"
1792,Epson,TM-U210A,"19021B,19094B,19550B,19551CB,19552BB,19553GB,19554PB,62245R,EPSERC38BR"
1793,Epson,TM-U210AR,"19021B,19094B,19550B,19551CB,19552BB,19553GB,19554PB,62245R,EPSERC38BR"
1794,Epson,TM-U210B,"19021B,19094B,19550B,19551CB,19552BB,19553GB,19554PB,62245R,EPSERC38BR"
1795,Epson,TM-U220 (M118b),"19021B,19094B,19550B,19551CB,19552BB,19553GB,19554PB,62245R,EPSERC38BR"
1796,Epson,TM-U220A,"19021B,19094B,19550B,19551CB,19552BB,19553GB,19554PB,62245R,EPSERC38BR"
1797,Epson,TM-U220B,"19021B,19094B,19550B,19551CB,19552BB,19553GB,19554PB,62245R,EPSERC38BR"
1798,Epson,TM-U220D,"19021B,19094B,19550B,19551CB,19552BB,19553GB,19554PB,62245R,EPSERC38BR"
1799,Epson,TM-U230,"19021B,19094B,19550B,19551CB,19552BB,19553GB,19554PB,62245R,EPSERC38BR"
1800,Epson,TM-U300,"19021B,19094B,19550B,19551CB,19552BB,19553GB,19554PB,62245R,EPSERC38BR"
1801,Epson,TM-U300A,"19021B,19094B,19550B,19551CB,19552BB,19553GB,19554PB,62245R,EPSERC38BR"
1802,Epson,TM-U300B,"19021B,19094B,19550B,19551CB,19552BB,19553GB,19554PB,62245R,EPSERC38BR"
1803,Epson,TM-U300C,"19021B,19094B,19550B,19551CB,19552BB,19553GB,19554PB,62245R,EPSERC38BR"
1804,Epson,TM-U300D,"19021B,19094B,19550B,19551CB,19552BB,19553GB,19554PB,62245R,EPSERC38BR"
1805,Epson,TM-U325,"19021B,19094B,19550B,19551CB,19552BB,19553GB,19554PB,62245R,EPSERC38BR"
1806,Epson,TM-U370,"19021B,19094B,19550B,19551CB,19552BB,19553GB,19554PB,62245R,EPSERC38BR"
1807,Epson,TM-U375,"19021B,19094B,19550B,19551CB,19552BB,19553GB,19554PB,62245R,EPSERC38BR"
1808,Epson,U300A,"19021B,19094B,19550B,19551CB,19552BB,19553GB,19554PB,62245R,EPSERC38BR"
1809,Epson,U300B,"19021B,19094B,19550B,19551CB,19552BB,19553GB,19554PB,62245R,EPSERC38BR"
1810,Epson,U300C,"19021B,19094B,19550B,19551CB,19552BB,19553GB,19554PB,62245R,EPSERC38BR"
1811,Epson,U300D,"19021B,19094B,19550B,19551CB,19552BB,19553GB,19554PB,62245R,EPSERC38BR"
1812,Fujitsu/ICL,7770,"19021B,19094B,19550B,19551CB,19552BB,19553GB,19554PB,62245R,EPSERC38BR"
1813,Fujitsu/ICL,7880,"19021B,19094B,19550B,19551CB,19552BB,19553GB,19554PB,62245R,EPSERC38BR"
1814,Fujitsu/ICL,7990,"19021B,19094B,19550B,19551CB,19552BB,19553GB,19554PB,62245R,EPSERC38BR"
1815,Fujitsu/ICL,8770,"19021B,19094B,19550B,19551CB,19552BB,19553GB,19554PB,62245R,EPSERC38BR"
1816,Fujitsu/ICL,9516,"19021B,19094B,19550B,19551CB,19552BB,19553GB,19554PB,62245R,EPSERC38BR"
1817,Fujitsu/ICL,9620,"19021B,19094B,19550B,19551CB,19552BB,19553GB,19554PB,62245R,EPSERC38BR"
1818,Fujitsu/ICL,9520/150,"19021B,19094B,19550B,19551CB,19552BB,19553GB,19554PB,62245R,EPSERC38BR"
1819,Fujitsu/ICL,9520/50,"19021B,19094B,19550B,19551CB,19552BB,19553GB,19554PB,62245R,EPSERC38BR"
1820,Fujitsu/ICL,Atrium BAR200,"19021B,19094B,19550B,19551CB,19552BB,19553GB,19554PB,62245R,EPSERC38BR"
1821,Gascard,780,"19021B,19094B,19550B,19551CB,19552BB,19553GB,19554PB,62245R,EPSERC38BR"
1822,Hypercom,P740,"19021B,19094B,19550B,19551CB,19552BB,19553GB,19554PB,62245R,EPSERC38BR"
1823,Hypercom,P8,"19021B,19094B,19550B,19551CB,19552BB,19553GB,19554PB,62245R,EPSERC38BR"
1824,Hypercom,T77F,"19021B,19094B,19550B,19551CB,19552BB,19553GB,19554PB,62245R,EPSERC38BR"
1825,Ithaca,1000 POSjet Series,"19021B,19094B,19550B,19551CB,19552BB,19553GB,19554PB,62245R,EPSERC38BR"
1826,Ithaca,1500 POSjet Series,"19021B,19094B,19550B,19551CB,19552BB,19553GB,19554PB,62245R,EPSERC38BR"
1827,Ithaca,90 Plus Series,"19021B,19094B,19550B,19551CB,19552BB,19553GB,19554PB,62245R,EPSERC38BR"
1828,Ithaca,Bankjet 1500,"19021B,19094B,19550B,19551CB,19552BB,19553GB,19554PB,62245R,EPSERC38BR"
1829,Ithaca,PcOS 151,"19021B,19094B,19550B,19551CB,19552BB,19553GB,19554PB,62245R,EPSERC38BR"
1830,Ithaca,PcOS 152,"19021B,19094B,19550B,19551CB,19552BB,19553GB,19554PB,62245R,EPSERC38BR"
1831,Ithaca,PcOS 153,"19021B,19094B,19550B,19551CB,19552BB,19553GB,19554PB,62245R,EPSERC38BR"
1832,Ithaca,Per. PcOS 150,"19021B,19094B,19550B,19551CB,19552BB,19553GB,19554PB,62245R,EPSERC38BR"
1833,MICROS,1700,"19021B,19094B,19550B,19551CB,19552BB,19553GB,19554PB,62245R,EPSERC38BR"
1834,MICROS,2000,"19021B,19094B,19550B,19551CB,19552BB,19553GB,19554PB,62245R,EPSERC38BR"
1835,MICROS,2400,"19021B,19094B,19550B,19551CB,19552BB,19553GB,19554PB,62245R,EPSERC38BR"
1836,MICROS,2700,"19021B,19094B,19550B,19551CB,19552BB,19553GB,19554PB,62245R,EPSERC38BR"
1837,MICROS,4000,"19021B,19094B,19550B,19551CB,19552BB,19553GB,19554PB,62245R,EPSERC38BR"
1838,MICROS,Heavy Duty Kitchen,"19021B,19094B,19550B,19551CB,19552BB,19553GB,19554PB,62245R,EPSERC38BR"
1839,MICROS,PR282,"19021B,19094B,19550B,19551CB,19552BB,19553GB,19554PB,62245R,EPSERC38BR"
1840,MICROS,PR344,"19021B,19094B,19550B,19551CB,19552BB,19553GB,19554PB,62245R,EPSERC38BR"
1841,MICROS,TM-U200B,"19021B,19094B,19550B,19551CB,19552BB,19553GB,19554PB,62245R,EPSERC38BR"
1842,MICROS,TM-U220,"19021B,19094B,19550B,19551CB,19552BB,19553GB,19554PB,62245R,EPSERC38BR"
1843,MICROS,TM-U230,"19021B,19094B,19550B,19551CB,19552BB,19553GB,19554PB,62245R,EPSERC38BR"
1844,MICROS,TM-U300,"19021B,19094B,19550B,19551CB,19552BB,19553GB,19554PB,62245R,EPSERC38BR"
1845,MICROS,TM-U325,"19021B,19094B,19550B,19551CB,19552BB,19553GB,19554PB,62245R,EPSERC38BR"
1846,MICROS,TM-U370,"19021B,19094B,19550B,19551CB,19552BB,19553GB,19554PB,62245R,EPSERC38BR"
1847,MICROS,TM-U375,"19021B,19094B,19550B,19551CB,19552BB,19553GB,19554PB,62245R,EPSERC38BR"
1848,National Semiconductor,Rec. for Olivetti Printer,"19021B,19094B,19550B,19551CB,19552BB,19553GB,19554PB,62245R,EPSERC38BR"
1849,NCR,2173,"19021B,19094B,19550B,19551CB,19552BB,19553GB,19554PB,62245R,EPSERC38BR"
1850,NCR,7161,"19021B,19094B,19550B,19551CB,19552BB,19553GB,19554PB,62245R,EPSERC38BR"
1851,NCR,2061-5400,"19021B,19094B,19550B,19551CB,19552BB,19553GB,19554PB,62245R,EPSERC38BR"
1852,NCR,7445-100X,"19021B,19094B,19550B,19551CB,19552BB,19553GB,19554PB,62245R,EPSERC38BR"
1853,Norand,NP105,"19021B,19094B,19550B,19551CB,19552BB,19553GB,19554PB,62245R,EPSERC38BR"
1854,Omron,CAT050,"19021B,19094B,19550B,19551CB,19552BB,19553GB,19554PB,62245R,EPSERC38BR"
1855,Omron,RP25,"19021B,19094B,19550B,19551CB,19552BB,19553GB,19554PB,62245R,EPSERC38BR"
1856,Omron,RP55 Remote Printer,"19021B,19094B,19550B,19551CB,19552BB,19553GB,19554PB,62245R,EPSERC38BR"
1857,Omron,RS25,"19021B,19094B,19550B,19551CB,19552BB,19553GB,19554PB,62245R,EPSERC38BR"
1858,Omron,RS4010C,"19021B,19094B,19550B,19551CB,19552BB,19553GB,19554PB,62245R,EPSERC38BR"
1859,Omron,RS8000C,"19021B,19094B,19550B,19551CB,19552BB,19553GB,19554PB,62245R,EPSERC38BR"
1860,Omron,RS8010C,"19021B,19094B,19550B,19551CB,19552BB,19553GB,19554PB,62245R,EPSERC38BR"
1861,Omron,RS8020C,"19021B,19094B,19550B,19551CB,19552BB,19553GB,19554PB,62245R,EPSERC38BR"
1862,Omron,RS8030C,"19021B,19094B,19550B,19551CB,19552BB,19553GB,19554PB,62245R,EPSERC38BR"
1863,Omron,RS8040C,"19021B,19094B,19550B,19551CB,19552BB,19553GB,19554PB,62245R,EPSERC38BR"
1864,Panasonic,2700,"19021B,19094B,19550B,19551CB,19552BB,19553GB,19554PB,62245R,EPSERC38BR"
1865,Panasonic,660RM,"19021B,19094B,19550B,19551CB,19552BB,19553GB,19554PB,62245R,EPSERC38BR"
1866,Panasonic,JS650 Remote Printer,"19021B,19094B,19550B,19551CB,19552BB,19553GB,19554PB,62245R,EPSERC38BR"
1867,Panasonic,JS6500,"19021B,19094B,19550B,19551CB,19552BB,19553GB,19554PB,62245R,EPSERC38BR"
1868,Panasonic,JS7500,"19021B,19094B,19550B,19551CB,19552BB,19553GB,19554PB,62245R,EPSERC38BR"
1869,Panasonic,JS8000,"19021B,19094B,19550B,19551CB,19552BB,19553GB,19554PB,62245R,EPSERC38BR"
1870,Panasonic,JS800RM,"19021B,19094B,19550B,19551CB,19552BB,19553GB,19554PB,62245R,EPSERC38BR"
1871,Panasonic,P100WP,"19021B,19094B,19550B,19551CB,19552BB,19553GB,19554PB,62245R,EPSERC38BR"
1872,POS-X,EVO Impact Printer,"19021B,19094B,19550B,19551CB,19552BB,19553GB,19554PB,62245R,EPSERC38BR"
1873,POS-X,XR200,"19021B,19094B,19550B,19551CB,19552BB,19553GB,19554PB,62245R,EPSERC38BR"
1874,POS-X,XR201,"19021B,19094B,19550B,19551CB,19552BB,19553GB,19554PB,62245R,EPSERC38BR"
1875,POS-X,XR210,"19021B,19094B,19550B,19551CB,19552BB,19553GB,19554PB,62245R,EPSERC38BR"
1876,Samsung,SRP 270,"19021B,19094B,19550B,19551CB,19552BB,19553GB,19554PB,62245R,EPSERC38BR"
1877,Samsung,SRP-100,"19021B,19094B,19550B,19551CB,19552BB,19553GB,19554PB,62245R,EPSERC38BR"
1878,Sharp,ZL6100,"19021B,19094B,19550B,19551CB,19552BB,19553GB,19554PB,62245R,EPSERC38BR"
1879,SNBC,BTP-M280B,"19021B,19094B,19550B,19551CB,19552BB,19553GB,19554PB,62245R,EPSERC38BR"
1880,SNBC,BTP-M300,"19021B,19094B,19550B,19551CB,19552BB,19553GB,19554PB,62245R,EPSERC38BR"
1881,Star Micronics,MP200 Series,"19021B,19094B,19550B,19551CB,19552BB,19553GB,19554PB,62245R,EPSERC38BR"
1882,Star Micronics,MP300 Series,"19021B,19094B,19550B,19551CB,19552BB,19553GB,19554PB,62245R,EPSERC38BR"
1883,Star Micronics,SP200 Series,"19021B,19094B,19550B,19551CB,19552BB,19553GB,19554PB,62245R,EPSERC38BR"
1884,Star Micronics,SP2000 Series,"19021B,19094B,19550B,19551CB,19552BB,19553GB,19554PB,62245R,EPSERC38BR"
1885,Star Micronics,SP300 Series,"19021B,19094B,19550B,19551CB,19552BB,19553GB,19554PB,62245R,EPSERC38BR"
1886,Star Micronics,UP389,"19021B,19094B,19550B,19551CB,19552BB,19553GB,19554PB,62245R,EPSERC38BR"
1887,Sweda,3428,"19021B,19094B,19550B,19551CB,19552BB,19553GB,19554PB,62245R,EPSERC38BR"
1888,Sweda,EJP400,"19021B,19094B,19550B,19551CB,19552BB,19553GB,19554PB,62245R,EPSERC38BR"
1889,Sweda,ERC4450,"19021B,19094B,19550B,19551CB,19552BB,19553GB,19554PB,62245R,EPSERC38BR"
1890,Sweda,Ser. L50 Consolidated,"19021B,19094B,19550B,19551CB,19552BB,19553GB,19554PB,62245R,EPSERC38BR"
1891,Team Sable,TR-M300-E,"19021B,19094B,19550B,19551CB,19552BB,19553GB,19554PB,62245R,EPSERC38BR"
1892,Teknika,SP7500 Kitchen Printer,"19021B,19094B,19550B,19551CB,19552BB,19553GB,19554PB,62245R,EPSERC38BR"
1893,Tokheim,176,"19021B,19094B,19550B,19551CB,19552BB,19553GB,19554PB,62245R,EPSERC38BR"
1894,Tokheim,200,"19021B,19094B,19550B,19551CB,19552BB,19553GB,19554PB,62245R,EPSERC38BR"
1895,Tokheim,179P,"19021B,19094B,19550B,19551CB,19552BB,19553GB,19554PB,62245R,EPSERC38BR"
1896,Triton,9500,"19021B,19094B,19550B,19551CB,19552BB,19553GB,19554PB,62245R,EPSERC38BR"
1897,Triton,9515,"19021B,19094B,19550B,19551CB,19552BB,19553GB,19554PB,62245R,EPSERC38BR"
1898,Tysso,PRP-076C,"19021B,19094B,19550B,19551CB,19552BB,19553GB,19554PB,62245R,EPSERC38BR"
1899,Verifone,Omni 480,"19021B,19094B,19550B,19551CB,19552BB,19553GB,19554PB,62245R,EPSERC38BR"
1900,Verifone,Printer 220,"19021B,19094B,19550B,19551CB,19552BB,19553GB,19554PB,62245R,EPSERC38BR"
1901,Verifone,Printer 250,"19021B,19094B,19550B,19551CB,19552BB,19553GB,19554PB,62245R,EPSERC38BR"
1902,Verifone,Printer 900,"19021B,19094B,19550B,19551CB,19552BB,19553GB,19554PB,62245R,EPSERC38BR"
1903,Axalto,Magic X1000,"19214DT,19350DT,200087"
1904,BioCon,500 Bladder Scanner,"19214DT,19350DT,200087"
1905,BioCon,700 Bladder Scanner,"19214DT,19350DT,200087"
1906,Commerciant,Mobilescape 3000,"19214DT,19350DT,200087"
1907,Commerciant,Mobilescape 5000,"19214DT,19350DT,200087"
1908,Datecs,PP-55 Palm Printer,"19214DT,19350DT,200087"
1909,Extech,S1500T,"19214DT,19350DT,200087"
1910,Extech,S2500THS,"19214DT,19350DT,200087"
1911,First Data,FD400 Credit Card Terminal,"19214DT,19350DT,200087"
1912,Ingenico,BIO930,"19214DT,19350DT,200087"
1913,Ingenico,EFT930 Series,"19214DT,19350DT,200087"
1914,Ingenico,EFT930S,"19214DT,19350DT,200087"
1915,Ingenico,EFT930S-L,"19214DT,19350DT,200087"
1916,Ingenico,iCT200,"19214DT,19350DT,200087"
1917,Ingenico,iCT220,"19214DT,19350DT,200087"
1918,Ingenico,iCT250,"19214DT,19350DT,200087"
1919,Ingenico,iWL252,"19214DT,19350DT,200087"
1920,Ingenico,iWL255,"19214DT,19350DT,200087"
1921,Match,CONSULT-II,"19214DT,19350DT,200087"
1922,Nurit,8000,"19214DT,19350DT,200087"
1923,Printek,Mt2,"19214DT,19350DT,200087"
1924,Verifone Omni,VX 510LE,"19214DT,19350DT,200087"
1925,Verifone Omni,VX 520,"19214DT,19350DT,200087"
