<?xml version="1.0"?>
<!--
/**
 * Copyright © 2016 Magento. All rights reserved.
 * See COPYING.txt for license details.
 */
-->
<config xmlns:xsi="http://www.w3.org/2001/XMLSchema-instance" xsi:noNamespaceSchemaLocation="urn:magento:framework:Acl/etc/acl.xsd">
    <acl>
        <resources>
            <resource id="Magento_Backend::admin">
                <resource id="Magento_Backend::system">
                    <resource id="Magento_Backend::convert">
                        <resource id="Emipro_Importexportattributeoption::importexportattributeoption_index_index" title="Import/Export Attribute Options" translate="title" sortOrder="50" />
                    </resource>
                </resource>
            </resource>
        </resources>
    </acl>
</config>
